document_name,page_number,country,iso3,frequency
OCR-D25260752.json,5,France,FRA,1
OCR-D25260752.json,16,Peru,PER,1
OCR-D25260752.json,34,France,FRA,1
OCR-D25260752.json,35,India,IND,1
OCR-D25260752.json,35,Mali,MLI,1
OCR-D25260752.json,36,Peru,PER,1
OCR-D25260752.json,37,Peru,PER,1
OCR-D25260752.json,38,Ecuador,ECU,1
OCR-D25260752.json,39,South Africa,ZAF,1
OCR-D697028.json,0,Mexico,MEX,1
OCR-D697028.json,2,Chile,CHL,1
OCR-D697028.json,4,Mexico,MEX,1
OCR-D697028.json,6,Mexico,MEX,1
OCR-D697028.json,9,Mexico,MEX,1
OCR-D697028.json,10,Japan,JPN,1
OCR-D697028.json,10,United States,USA,1
OCR-D697028.json,12,Mexico,MEX,1
OCR-D697028.json,13,Argentina,ARG,1
OCR-D697028.json,13,Mexico,MEX,1
OCR-D697028.json,13,Malaysia,MYS,1
OCR-D697028.json,13,Peru,PER,1
OCR-D697028.json,13,Philippines,PHL,1
OCR-D697028.json,13,Thailand,THA,1
OCR-D697028.json,14,Argentina,ARG,1
OCR-D697028.json,14,Brazil,BRA,1
OCR-D697028.json,14,Egypt,EGY,1
OCR-D697028.json,14,India,IND,1
OCR-D697028.json,14,Jordan,JOR,1
OCR-D697028.json,14,Morocco,MAR,1
OCR-D697028.json,14,Nigeria,NGA,1
OCR-D697028.json,15,Argentina,ARG,1
OCR-D697028.json,15,Brazil,BRA,1
OCR-D697028.json,15,Chile,CHL,1
OCR-D697028.json,15,China,CHN,1
OCR-D697028.json,15,Colombia,COL,1
OCR-D697028.json,15,Costa Rica,CRI,1
OCR-D697028.json,15,Egypt,EGY,1
OCR-D697028.json,15,Indonesia,IDN,1
OCR-D697028.json,15,India,IND,1
OCR-D697028.json,15,Jordan,JOR,1
OCR-D697028.json,15,Morocco,MAR,1
OCR-D697028.json,15,Mexico,MEX,1
OCR-D697028.json,15,Malaysia,MYS,1
OCR-D697028.json,15,Nigeria,NGA,1
OCR-D697028.json,15,Philippines,PHL,1
OCR-D697028.json,15,Portugal,PRT,1
OCR-D697028.json,15,Thailand,THA,1
OCR-D697028.json,15,Tunisia,TUN,1
OCR-D697028.json,24,Mexico,MEX,1
OCR-D697028.json,25,Argentina,ARG,1
OCR-D697028.json,25,Chile,CHL,1
OCR-D697028.json,25,Mexico,MEX,1
OCR-D697028.json,25,Philippines,PHL,1
OCR-D697028.json,32,Argentina,ARG,1
OCR-D697028.json,32,Brazil,BRA,1
OCR-D697028.json,32,Chile,CHL,1
OCR-D697028.json,32,China,CHN,1
OCR-D697028.json,32,Colombia,COL,1
OCR-D697028.json,32,Costa Rica,CRI,1
OCR-D697028.json,32,Ecuador,ECU,1
OCR-D697028.json,32,Egypt,EGY,1
OCR-D697028.json,32,Indonesia,IDN,1
OCR-D697028.json,32,India,IND,1
OCR-D697028.json,32,Jordan,JOR,1
OCR-D697028.json,32,Kenya,KEN,1
OCR-D697028.json,32,Morocco,MAR,1
OCR-D697028.json,32,Mexico,MEX,1
OCR-D697028.json,32,Malaysia,MYS,1
OCR-D697028.json,32,Nigeria,NGA,1
OCR-D697028.json,32,Pakistan,PAK,1
OCR-D697028.json,32,Peru,PER,1
OCR-D697028.json,32,Philippines,PHL,1
OCR-D697028.json,32,Portugal,PRT,1
OCR-D697028.json,32,Paraguay,PRY,1
OCR-D697028.json,32,Thailand,THA,1
OCR-D697028.json,32,Tunisia,TUN,1
OCR-D697028.json,32,Uruguay,URY,1
OCR-D697028.json,32,Zimbabwe,ZWE,1
OCR-D697028.json,37,Argentina,ARG,1
OCR-D697028.json,37,Mexico,MEX,1
OCR-D697028.json,40,Argentina,ARG,1
OCR-D697028.json,40,Brazil,BRA,1
OCR-D697028.json,40,Chile,CHL,1
OCR-D697028.json,40,China,CHN,1
OCR-D697028.json,40,Colombia,COL,1
OCR-D697028.json,40,Costa Rica,CRI,1
OCR-D697028.json,40,Ecuador,ECU,1
OCR-D697028.json,40,Egypt,EGY,1
OCR-D697028.json,40,Indonesia,IDN,1
OCR-D697028.json,40,India,IND,1
OCR-D697028.json,40,Jordan,JOR,1
OCR-D697028.json,40,Morocco,MAR,1
OCR-D697028.json,40,Mexico,MEX,1
OCR-D697028.json,40,Malaysia,MYS,1
OCR-D697028.json,40,Nigeria,NGA,1
OCR-D697028.json,40,Pakistan,PAK,1
OCR-D697028.json,40,Peru,PER,1
OCR-D697028.json,40,Philippines,PHL,1
OCR-D697028.json,40,Portugal,PRT,1
OCR-D697028.json,40,Paraguay,PRY,1
OCR-D697028.json,40,Thailand,THA,1
OCR-D697028.json,40,Tunisia,TUN,1
OCR-D697028.json,40,Uruguay,URY,1
OCR-D697028.json,40,Zimbabwe,ZWE,1
OCR-D697028.json,42,Colombia,COL,1
OCR-D697028.json,42,Hungary,HUN,1
OCR-D697028.json,42,Indonesia,IDN,1
OCR-D697028.json,42,Mexico,MEX,1
OCR-D32875091.json,0,Indonesia,IDN,1
OCR-D32875091.json,2,Indonesia,IDN,1
OCR-D32875091.json,3,Jamaica,JAM,1
OCR-D32875091.json,3,Kenya,KEN,1
OCR-D32875091.json,3,Pakistan,PAK,1
OCR-D32875091.json,4,Afghanistan,AFG,1
OCR-D32875091.json,4,Benin,BEN,1
OCR-D32875091.json,4,Burkina Faso,BFA,1
OCR-D32875091.json,4,Indonesia,IDN,1
OCR-D32875091.json,4,Mozambique,MOZ,1
OCR-D32875091.json,4,Norway,NOR,1
OCR-D32875091.json,4,Pakistan,PAK,1
OCR-D32875091.json,5,Indonesia,IDN,1
OCR-D32875091.json,6,Indonesia,IDN,1
OCR-D32875091.json,9,Indonesia,IDN,1
OCR-D32875091.json,11,Ghana,GHA,1
OCR-D32875091.json,11,India,IND,1
OCR-D32875091.json,11,Uganda,UGA,1
OCR-D32875091.json,11,Yemen,YEM,1
OCR-D32875091.json,12,Ghana,GHA,1
OCR-D32875091.json,12,Indonesia,IDN,1
OCR-D32875091.json,13,Indonesia,IDN,1
OCR-D32875091.json,15,Indonesia,IDN,1
OCR-D32875091.json,15,Nigeria,NGA,1
OCR-D32875091.json,17,Indonesia,IDN,1
OCR-D32875091.json,19,Indonesia,IDN,1
OCR-D32875091.json,21,Indonesia,IDN,1
OCR-D32875091.json,21,India,IND,1
OCR-D32875091.json,26,Indonesia,IDN,1
OCR-D32875091.json,27,Burkina Faso,BFA,1
OCR-D32875091.json,27,India,IND,1
OCR-D32875091.json,27,Kenya,KEN,1
OCR-D32875091.json,27,Pakistan,PAK,1
OCR-D32875091.json,28,Ghana,GHA,1
OCR-D32875091.json,28,Indonesia,IDN,1
OCR-D32875091.json,28,Uganda,UGA,1
OCR-D32875091.json,29,Ghana,GHA,1
OCR-D32875091.json,29,Indonesia,IDN,1
OCR-D32875091.json,29,India,IND,1
OCR-D32875091.json,29,Kenya,KEN,1
OCR-D32875091.json,29,Sierra Leone,SLE,1
OCR-D32875091.json,29,Uganda,UGA,1
OCR-D32875091.json,29,Yemen,YEM,1
OCR-D32875091.json,30,Indonesia,IDN,1
OCR-D32875091.json,30,Jamaica,JAM,1
OCR-D32875091.json,30,Kenya,KEN,1
OCR-D32875091.json,31,Burkina Faso,BFA,1
OCR-D32875091.json,31,Indonesia,IDN,1
OCR-D32875091.json,31,India,IND,1
OCR-D32875091.json,31,Nigeria,NGA,1
OCR-D32875091.json,31,Romania,ROU,1
OCR-D32875091.json,32,Benin,BEN,1
OCR-D32875091.json,32,Indonesia,IDN,1
OCR-D32875091.json,32,Mexico,MEX,1
OCR-D32875091.json,42,Indonesia,IDN,1
OCR-D32875091.json,43,Indonesia,IDN,1
OCR-D32875091.json,57,Indonesia,IDN,1
OCR-D32875091.json,64,Indonesia,IDN,1
OCR-D32875091.json,74,Indonesia,IDN,1
OCR-D32875091.json,75,Indonesia,IDN,1
OCR-D32875091.json,76,Indonesia,IDN,1
OCR-D32875091.json,77,Indonesia,IDN,1
OCR-D32875091.json,78,Indonesia,IDN,1
OCR-D32875091.json,80,Indonesia,IDN,1
OCR-D5796629.json,0,Guatemala,GTM,1
OCR-D5796629.json,1,Guatemala,GTM,1
OCR-D5796629.json,2,Guatemala,GTM,1
OCR-D5796629.json,3,Guatemala,GTM,1
OCR-D5796629.json,4,Guatemala,GTM,1
OCR-D5796629.json,5,Guatemala,GTM,1
OCR-D5796629.json,6,Costa Rica,CRI,1
OCR-D5796629.json,6,Guatemala,GTM,1
OCR-D5796629.json,6,Honduras,HND,1
OCR-D5796629.json,6,Nicaragua,NIC,1
OCR-D5796629.json,6,El Salvador,SLV,1
OCR-D5796629.json,7,Guatemala,GTM,1
OCR-D5796629.json,8,Guatemala,GTM,1
OCR-D5796629.json,9,Guatemala,GTM,1
OCR-D5796629.json,10,Guatemala,GTM,1
OCR-D5796629.json,11,Costa Rica,CRI,1
OCR-D5796629.json,11,Guatemala,GTM,1
OCR-D5796629.json,11,Honduras,HND,1
OCR-D5796629.json,11,Mexico,MEX,1
OCR-D5796629.json,11,Nicaragua,NIC,1
OCR-D5796629.json,12,Guatemala,GTM,1
OCR-D5796629.json,14,United States,USA,1
OCR-D5796629.json,15,United States,USA,1
OCR-D5796629.json,16,Chile,CHL,1
OCR-D5796629.json,16,Egypt,EGY,1
OCR-D5796629.json,16,United Kingdom,GBR,1
OCR-D5796629.json,16,India,IND,1
OCR-D5796629.json,17,Guatemala,GTM,1
OCR-D5796629.json,17,United States,USA,1
OCR-D5796629.json,19,Guatemala,GTM,1
OCR-D5796629.json,20,Guatemala,GTM,1
OCR-D5796629.json,21,Guatemala,GTM,1
OCR-D5796629.json,22,Guatemala,GTM,1
OCR-D5796629.json,23,Guatemala,GTM,1
OCR-D5796629.json,24,Guatemala,GTM,1
OCR-D5796629.json,25,Guatemala,GTM,1
OCR-D5796629.json,26,Guatemala,GTM,1
OCR-D5796629.json,26,El Salvador,SLV,1
OCR-D5796629.json,27,Guatemala,GTM,1
OCR-D5796629.json,28,Guatemala,GTM,1
OCR-D5796629.json,29,Guatemala,GTM,1
OCR-D5796629.json,30,Guatemala,GTM,1
OCR-D5796629.json,31,Guatemala,GTM,1
OCR-D5796629.json,32,Guatemala,GTM,1
OCR-D5796629.json,33,Guatemala,GTM,1
OCR-D5796629.json,34,Guatemala,GTM,1
OCR-D5796629.json,36,Guatemala,GTM,1
OCR-D5796629.json,37,Guatemala,GTM,1
OCR-D5796629.json,38,Guatemala,GTM,1
OCR-D5796629.json,39,Guatemala,GTM,1
OCR-D5796629.json,40,Guatemala,GTM,1
OCR-D5796629.json,41,Guatemala,GTM,1
OCR-D5796629.json,43,Guatemala,GTM,1
OCR-D5796629.json,44,Guatemala,GTM,1
OCR-D5796629.json,47,Guatemala,GTM,1
OCR-D5796629.json,48,Guatemala,GTM,1
OCR-D5796629.json,49,Guatemala,GTM,1
OCR-D5796629.json,50,Guatemala,GTM,1
OCR-D5796629.json,51,Guatemala,GTM,1
OCR-D5796629.json,52,Guatemala,GTM,1
OCR-D5796629.json,53,Guatemala,GTM,1
OCR-D5796629.json,54,Guatemala,GTM,1
OCR-D5796629.json,55,Guatemala,GTM,1
OCR-D5796629.json,56,Guatemala,GTM,1
OCR-D5796629.json,57,Guatemala,GTM,1
OCR-D5796629.json,58,Guatemala,GTM,1
OCR-D5796629.json,59,Guatemala,GTM,1
OCR-D5796629.json,61,Guatemala,GTM,1
OCR-D5796629.json,62,Guatemala,GTM,1
OCR-D5796629.json,63,Chile,CHL,1
OCR-D5796629.json,63,Costa Rica,CRI,1
OCR-D5796629.json,63,Guatemala,GTM,1
OCR-D5796629.json,63,El Salvador,SLV,1
OCR-D5796629.json,64,Guatemala,GTM,1
OCR-D5796629.json,66,Guatemala,GTM,1
OCR-D5796629.json,67,Guatemala,GTM,1
OCR-D5796629.json,68,Guatemala,GTM,1
OCR-D5796629.json,69,United Kingdom,GBR,1
OCR-D5796629.json,69,Guatemala,GTM,1
OCR-D5796629.json,70,Guatemala,GTM,1
OCR-D5796629.json,70,El Salvador,SLV,1
OCR-D5796629.json,71,Chile,CHL,1
OCR-D5796629.json,71,Guatemala,GTM,1
OCR-D5796629.json,72,Guatemala,GTM,1
OCR-D5796629.json,73,Guatemala,GTM,1
OCR-D5796629.json,74,Guatemala,GTM,1
OCR-D5796629.json,75,Guatemala,GTM,1
OCR-D5796629.json,76,Guatemala,GTM,1
OCR-D5796629.json,77,Guatemala,GTM,1
OCR-D5796629.json,78,Costa Rica,CRI,1
OCR-D5796629.json,78,Guatemala,GTM,1
OCR-D5796629.json,78,Honduras,HND,1
OCR-D5796629.json,78,Mexico,MEX,1
OCR-D5796629.json,78,Nicaragua,NIC,1
OCR-D5796629.json,78,El Salvador,SLV,1
OCR-D5796629.json,79,Chile,CHL,1
OCR-D5796629.json,79,Guatemala,GTM,1
OCR-D13576464.json,1,United States,USA,1
OCR-D13576464.json,2,Italy,ITA,1
OCR-D13576464.json,3,Argentina,ARG,1
OCR-D13576464.json,3,Australia,AUS,1
OCR-D13576464.json,3,Brazil,BRA,1
OCR-D13576464.json,3,Japan,JPN,1
OCR-D13576464.json,3,Mexico,MEX,1
OCR-D13576464.json,3,United States,USA,1
OCR-D13576464.json,5,Japan,JPN,1
OCR-D13576464.json,15,Japan,JPN,1
OCR-D34385584.json,0,China,CHN,1
OCR-D34385584.json,1,China,CHN,1
OCR-D34385584.json,2,China,CHN,1
OCR-D34385584.json,3,China,CHN,1
OCR-D34385584.json,4,China,CHN,1
OCR-D34385584.json,5,China,CHN,1
OCR-D34385584.json,6,Belarus,BLR,1
OCR-D34385584.json,6,China,CHN,1
OCR-D34385584.json,7,China,CHN,1
OCR-D34385584.json,8,China,CHN,1
OCR-D34385584.json,9,China,CHN,1
OCR-D34385584.json,10,China,CHN,1
OCR-D34385584.json,11,China,CHN,1
OCR-D34385584.json,12,China,CHN,1
OCR-D34385584.json,12,Hong Kong,HKG,1
OCR-D34385584.json,12,Macao,MAC,1
OCR-D34385584.json,14,China,CHN,1
OCR-D34385584.json,18,China,CHN,1
OCR-D34385584.json,20,China,CHN,1
OCR-D34385584.json,22,China,CHN,1
OCR-D34385584.json,23,China,CHN,1
OCR-D34385584.json,23,Thailand,THA,1
OCR-D34385584.json,24,China,CHN,1
OCR-D34385584.json,25,China,CHN,1
OCR-D34385584.json,26,China,CHN,1
OCR-D34385584.json,26,Philippines,PHL,1
OCR-D34385584.json,27,China,CHN,1
OCR-D34385584.json,28,China,CHN,1
OCR-D34385584.json,29,China,CHN,1
OCR-D34385584.json,31,China,CHN,1
OCR-D34385584.json,32,China,CHN,1
OCR-D34385584.json,33,Thailand,THA,1
OCR-D34385584.json,34,China,CHN,1
OCR-D34385584.json,34,Japan,JPN,1
OCR-D34385584.json,37,China,CHN,1
OCR-D30352919.json,2,Hungary,HUN,1
OCR-D30352919.json,6,United States,USA,1
OCR-D30352919.json,9,China,CHN,1
OCR-D30352919.json,10,Kazakhstan,KAZ,1
OCR-D30352919.json,10,Russian Federation,RUS,1
OCR-D30352919.json,11,China,CHN,1
OCR-D30352919.json,12,China,CHN,1
OCR-D30352919.json,12,France,FRA,1
OCR-D30352919.json,12,Hungary,HUN,1
OCR-D30352919.json,12,Peru,PER,1
OCR-D30352919.json,12,Poland,POL,1
OCR-D30352919.json,12,United States,USA,1
OCR-D30352919.json,22,Rwanda,RWA,1
OCR-D30352919.json,22,Saudi Arabia,SAU,1
OCR-D30352919.json,22,Somalia,SOM,1
OCR-D30352919.json,22,South Africa,ZAF,1
OCR-D30352919.json,23,Hungary,HUN,1
OCR-D30352919.json,23,Peru,PER,1
OCR-D30352919.json,23,Poland,POL,1
OCR-D30352919.json,25,Romania,ROU,1
OCR-D30352919.json,26,Myanmar,MMR,1
OCR-D30352919.json,27,Norway,NOR,1
OCR-D30352919.json,48,India,IND,1
OCR-D30352919.json,49,Ukraine,UKR,1
OCR-D30352919.json,50,Benin,BEN,1
OCR-D30352919.json,50,Brazil,BRA,1
OCR-D30352919.json,51,China,CHN,1
OCR-D30352919.json,52,Kazakhstan,KAZ,1
OCR-D30352919.json,52,Kyrgyzstan,KGZ,1
OCR-D30352919.json,53,China,CHN,1
OCR-D30352919.json,53,Hungary,HUN,1
OCR-D33780485.json,4,Ireland,IRL,1
OCR-D33780485.json,4,Italy,ITA,1
OCR-D33780485.json,4,Netherlands,NLD,1
OCR-D33780485.json,4,Portugal,PRT,1
OCR-D33780485.json,4,United States,USA,1
OCR-D33780485.json,5,India,IND,1
OCR-D33780485.json,21,Viet Nam,VNM,1
OCR-D33780485.json,21,South Africa,ZAF,1
OCR-D33780485.json,22,India,IND,1
OCR-D26744506.json,1,Afghanistan,AFG,1
OCR-D26744506.json,1,Syrian Arab Republic,SYR,1
OCR-D26744506.json,5,Ethiopia,ETH,1
OCR-D26744506.json,5,Kenya,KEN,1
OCR-D26744506.json,5,Myanmar,MMR,1
OCR-D26744506.json,6,Bangladesh,BGD,1
OCR-D26744506.json,6,Rwanda,RWA,1
OCR-D26744506.json,7,Afghanistan,AFG,1
OCR-D26744506.json,7,Central African Republic,CAF,1
OCR-D26744506.json,7,Congo,COG,1
OCR-D26744506.json,7,Germany,DEU,1
OCR-D26744506.json,7,Eritrea,ERI,1
OCR-D26744506.json,7,Ethiopia,ETH,1
OCR-D26744506.json,7,Iraq,IRQ,1
OCR-D26744506.json,7,Jordan,JOR,1
OCR-D26744506.json,7,Kenya,KEN,1
OCR-D26744506.json,7,Lebanon,LBN,1
OCR-D26744506.json,7,Myanmar,MMR,1
OCR-D26744506.json,7,Pakistan,PAK,1
OCR-D26744506.json,7,Sudan,SDN,1
OCR-D26744506.json,7,Somalia,SOM,1
OCR-D26744506.json,7,South Sudan,SSD,1
OCR-D26744506.json,7,Sweden,SWE,1
OCR-D26744506.json,7,Syrian Arab Republic,SYR,1
OCR-D26744506.json,8,Afghanistan,AFG,1
OCR-D26744506.json,8,Congo,COG,1
OCR-D26744506.json,8,Germany,DEU,1
OCR-D26744506.json,8,Eritrea,ERI,1
OCR-D26744506.json,8,Ethiopia,ETH,1
OCR-D26744506.json,8,Iraq,IRQ,1
OCR-D26744506.json,8,Jordan,JOR,1
OCR-D26744506.json,8,Kenya,KEN,1
OCR-D26744506.json,8,Lebanon,LBN,1
OCR-D26744506.json,8,Myanmar,MMR,1
OCR-D26744506.json,8,Pakistan,PAK,1
OCR-D26744506.json,8,Sudan,SDN,1
OCR-D26744506.json,8,Somalia,SOM,1
OCR-D26744506.json,8,South Sudan,SSD,1
OCR-D26744506.json,8,Uganda,UGA,1
OCR-D26744506.json,9,Kenya,KEN,1
OCR-D26744506.json,9,Pakistan,PAK,1
OCR-D26744506.json,10,Congo,COG,1
OCR-D26744506.json,10,Rwanda,RWA,1
OCR-D26744506.json,10,Uganda,UGA,1
OCR-D26744506.json,11,Kenya,KEN,1
OCR-D26744506.json,11,Somalia,SOM,1
OCR-D26744506.json,12,Afghanistan,AFG,1
OCR-D26744506.json,12,Central African Republic,CAF,1
OCR-D26744506.json,12,Kenya,KEN,1
OCR-D26744506.json,12,Pakistan,PAK,1
OCR-D26744506.json,12,Sudan,SDN,1
OCR-D26744506.json,12,South Sudan,SSD,1
OCR-D26744506.json,12,Ukraine,UKR,1
OCR-D26744506.json,13,Afghanistan,AFG,1
OCR-D26744506.json,13,China,CHN,1
OCR-D26744506.json,13,Colombia,COL,1
OCR-D26744506.json,13,Western Sahara,ESH,1
OCR-D26744506.json,13,Myanmar,MMR,1
OCR-D26744506.json,14,Afghanistan,AFG,1
OCR-D26744506.json,14,Myanmar,MMR,1
OCR-D26744506.json,14,Rwanda,RWA,1
OCR-D26744506.json,14,Somalia,SOM,1
OCR-D26744506.json,15,China,CHN,1
OCR-D26744506.json,15,Iraq,IRQ,1
OCR-D26744506.json,15,Rwanda,RWA,1
OCR-D26744506.json,15,Sudan,SDN,1
OCR-D26744506.json,15,Somalia,SOM,1
OCR-D26744506.json,15,Syrian Arab Republic,SYR,1
OCR-D26744506.json,16,China,CHN,1
OCR-D26744506.json,16,Algeria,DZA,1
OCR-D26744506.json,16,Western Sahara,ESH,1
OCR-D26744506.json,16,Kenya,KEN,1
OCR-D26744506.json,16,Mauritania,MRT,1
OCR-D26744506.json,16,Pakistan,PAK,1
OCR-D26744506.json,16,Thailand,THA,1
OCR-D26744506.json,17,Afghanistan,AFG,1
OCR-D26744506.json,17,Syrian Arab Republic,SYR,1
OCR-D6525930.json,0,China,CHN,1
OCR-D6525930.json,1,Canada,CAN,1
OCR-D6525930.json,1,China,CHN,1
OCR-D6525930.json,2,China,CHN,1
OCR-D6525930.json,3,China,CHN,1
OCR-D6525930.json,4,China,CHN,1
OCR-D6525930.json,5,China,CHN,1
OCR-D6525930.json,5,Egypt,EGY,1
OCR-D6525930.json,5,Pakistan,PAK,1
OCR-D6525930.json,6,China,CHN,1
OCR-D6525930.json,7,China,CHN,1
OCR-D6525930.json,8,China,CHN,1
OCR-D6525930.json,18,China,CHN,1
OCR-D6525930.json,19,China,CHN,1
OCR-D6525930.json,20,China,CHN,1
OCR-D6525930.json,21,China,CHN,1
OCR-D6525930.json,21,Egypt,EGY,1
OCR-D6525930.json,21,Pakistan,PAK,1
OCR-D6525930.json,22,Burkina Faso,BFA,1
OCR-D6525930.json,22,China,CHN,1
OCR-D6525930.json,22,Ecuador,ECU,1
OCR-D6525930.json,22,India,IND,1
OCR-D6525930.json,22,Jersey,JEY,1
OCR-D6525930.json,22,Mexico,MEX,1
OCR-D6525930.json,22,Peru,PER,1
OCR-D6525930.json,23,Burkina Faso,BFA,1
OCR-D6525930.json,23,China,CHN,1
OCR-D6525930.json,23,Ecuador,ECU,1
OCR-D6525930.json,23,Malaysia,MYS,1
OCR-D6525930.json,24,China,CHN,1
OCR-D6525930.json,24,Hong Kong,HKG,1
OCR-D6525930.json,25,China,CHN,1
OCR-D34173720.json,5,Afghanistan,AFG,1
OCR-D34173720.json,5,Bangladesh,BGD,1
OCR-D34173720.json,5,India,IND,1
OCR-D34173720.json,5,Sri Lanka,LKA,1
OCR-D34173720.json,5,Nepal,NPL,1
OCR-D34173720.json,5,Pakistan,PAK,1
OCR-D34173720.json,8,Afghanistan,AFG,1
OCR-D34173720.json,8,Bangladesh,BGD,1
OCR-D34173720.json,8,India,IND,1
OCR-D34173720.json,8,Sri Lanka,LKA,1
OCR-D34173720.json,8,Nepal,NPL,1
OCR-D34173720.json,8,Pakistan,PAK,1
OCR-D34173720.json,25,India,IND,1
OCR-D34173720.json,29,Mexico,MEX,1
OCR-D34173720.json,30,Sri Lanka,LKA,1
OCR-D34173720.json,30,Mexico,MEX,1
OCR-D34173720.json,30,Russian Federation,RUS,1
OCR-D34173720.json,31,Ecuador,ECU,1
OCR-D34173720.json,31,Mexico,MEX,1
OCR-D34173720.json,32,Brazil,BRA,1
OCR-D34173720.json,33,Afghanistan,AFG,1
OCR-D34173720.json,33,Bangladesh,BGD,1
OCR-D34173720.json,37,Afghanistan,AFG,1
OCR-D34173720.json,37,Bangladesh,BGD,1
OCR-D34173720.json,37,India,IND,1
OCR-D34173720.json,37,Sri Lanka,LKA,1
OCR-D34173720.json,37,Nepal,NPL,1
OCR-D34173720.json,37,Pakistan,PAK,1
OCR-D3401982.json,1,Argentina,ARG,1
OCR-D3401982.json,1,Brazil,BRA,1
OCR-D3401982.json,1,Colombia,COL,1
OCR-D3401982.json,1,Ecuador,ECU,1
OCR-D3401982.json,1,Peru,PER,1
OCR-D3401982.json,13,Brazil,BRA,1
OCR-D3401982.json,14,Brazil,BRA,1
OCR-D3401982.json,17,Brazil,BRA,1
OCR-D3401982.json,17,Ecuador,ECU,1
OCR-D3401982.json,21,Argentina,ARG,1
OCR-D3401982.json,21,Brazil,BRA,1
OCR-D3401982.json,21,Colombia,COL,1
OCR-D3401982.json,21,Ecuador,ECU,1
OCR-D3401982.json,21,Peru,PER,1
OCR-D3401982.json,22,Brazil,BRA,1
OCR-D3401982.json,22,Colombia,COL,1
OCR-D3401982.json,22,Ecuador,ECU,1
OCR-D3401982.json,25,Brazil,BRA,1
OCR-D3401982.json,25,Colombia,COL,1
OCR-D3401982.json,26,Argentina,ARG,1
OCR-D3401982.json,26,Brazil,BRA,1
OCR-D3401982.json,26,Colombia,COL,1
OCR-D3401982.json,36,Brazil,BRA,1
OCR-D3401982.json,39,Argentina,ARG,1
OCR-D3401982.json,39,Brazil,BRA,1
OCR-D3401982.json,39,Colombia,COL,1
OCR-D3401982.json,39,Ecuador,ECU,1
OCR-D3401982.json,39,Peru,PER,1
OCR-D19874670.json,6,Mexico,MEX,1
OCR-D19874670.json,7,Mexico,MEX,1
OCR-D19874670.json,7,South Africa,ZAF,1
OCR-D19874670.json,8,India,IND,1
OCR-D19874670.json,8,Kenya,KEN,1
OCR-D19874670.json,10,India,IND,1
OCR-D19874670.json,10,Uganda,UGA,1
OCR-D19874670.json,11,Uganda,UGA,1
OCR-D19874670.json,12,Uganda,UGA,1
OCR-D19874670.json,14,Brazil,BRA,1
OCR-D19874670.json,16,Brazil,BRA,1
OCR-D19874670.json,16,India,IND,1
OCR-D19874670.json,16,Mexico,MEX,1
OCR-D19874670.json,16,United States,USA,1
OCR-D19874670.json,17,Brazil,BRA,1
OCR-D19874670.json,17,Mexico,MEX,1
OCR-D19874670.json,18,Brazil,BRA,1
OCR-D19874670.json,18,India,IND,1
OCR-D19874670.json,18,Kenya,KEN,1
OCR-D19874670.json,18,Sri Lanka,LKA,1
OCR-D19874670.json,18,Uganda,UGA,1
OCR-D19874670.json,19,Brazil,BRA,1
OCR-D19874670.json,20,Chile,CHL,1
OCR-D19874670.json,20,Costa Rica,CRI,1
OCR-D19874670.json,20,Ireland,IRL,1
OCR-D19874670.json,20,Mauritius,MUS,1
OCR-D19874670.json,27,India,IND,1
OCR-D19874670.json,27,Uganda,UGA,1
OCR-D19874670.json,28,Brazil,BRA,1
OCR-D19874670.json,28,United Kingdom,GBR,1
OCR-D19874670.json,28,Mexico,MEX,1
OCR-D19874670.json,28,Uganda,UGA,1
OCR-D19874670.json,29,India,IND,1
OCR-D19874670.json,30,Brazil,BRA,1
OCR-D19874670.json,30,Indonesia,IDN,1
OCR-D19874670.json,30,Uganda,UGA,1
OCR-D19874670.json,31,Brazil,BRA,1
OCR-D19874670.json,31,Kenya,KEN,1
OCR-D8980990.json,0,China,CHN,1
OCR-D8980990.json,1,China,CHN,1
OCR-D8980990.json,2,China,CHN,1
OCR-D8980990.json,3,China,CHN,1
OCR-D8980990.json,3,Greece,GRC,1
OCR-D8980990.json,3,Sweden,SWE,1
OCR-D8980990.json,4,China,CHN,1
OCR-D8980990.json,4,India,IND,1
OCR-D8980990.json,5,China,CHN,1
OCR-D8980990.json,5,Greece,GRC,1
OCR-D8980990.json,5,Philippines,PHL,1
OCR-D8980990.json,5,United States,USA,1
OCR-D8980990.json,6,Bangladesh,BGD,1
OCR-D8980990.json,6,China,CHN,1
OCR-D8980990.json,6,India,IND,1
OCR-D8980990.json,6,United States,USA,1
OCR-D8980990.json,7,China,CHN,1
OCR-D8980990.json,8,China,CHN,1
OCR-D8980990.json,8,India,IND,1
OCR-D8980990.json,9,France,FRA,1
OCR-D8980990.json,9,Greece,GRC,1
OCR-D8980990.json,9,Greenland,GRL,1
OCR-D8980990.json,9,Philippines,PHL,1
OCR-D8980990.json,10,China,CHN,1
OCR-D8980990.json,11,China,CHN,1
OCR-D8980990.json,12,Botswana,BWA,1
OCR-D8980990.json,12,Liberia,LBR,1
OCR-D8980990.json,12,Mali,MLI,1
OCR-D8980990.json,12,Malawi,MWI,1
OCR-D8980990.json,12,Togo,TGO,1
OCR-D8980990.json,12,Zimbabwe,ZWE,1
OCR-D8980990.json,13,China,CHN,1
OCR-D8980990.json,14,China,CHN,1
OCR-D8980990.json,15,Australia,AUS,1
OCR-D8980990.json,15,China,CHN,1
OCR-D8980990.json,15,India,IND,1
OCR-D8980990.json,16,Australia,AUS,1
OCR-D8980990.json,16,Bangladesh,BGD,1
OCR-D8980990.json,16,China,CHN,1
OCR-D8980990.json,16,Greenland,GRL,1
OCR-D8980990.json,17,China,CHN,1
OCR-D8980990.json,18,Bangladesh,BGD,1
OCR-D8980990.json,18,China,CHN,1
OCR-D8980990.json,18,India,IND,1
OCR-D437919.json,8,Armenia,ARM,1
OCR-D437919.json,8,Azerbaijan,AZE,1
OCR-D437919.json,8,Bulgaria,BGR,1
OCR-D437919.json,8,Belarus,BLR,1
OCR-D437919.json,8,Estonia,EST,1
OCR-D437919.json,8,Georgia,GEO,1
OCR-D437919.json,8,Croatia,HRV,1
OCR-D437919.json,8,Hungary,HUN,1
OCR-D437919.json,8,Kazakhstan,KAZ,1
OCR-D437919.json,8,Kyrgyzstan,KGZ,1
OCR-D437919.json,8,Lithuania,LTU,1
OCR-D437919.json,8,Poland,POL,1
OCR-D437919.json,8,Romania,ROU,1
OCR-D437919.json,8,Russian Federation,RUS,1
OCR-D437919.json,8,Slovenia,SVN,1
OCR-D437919.json,8,Ukraine,UKR,1
OCR-D437919.json,8,Uzbekistan,UZB,1
OCR-D437919.json,12,Armenia,ARM,1
OCR-D437919.json,12,Azerbaijan,AZE,1
OCR-D437919.json,12,Bulgaria,BGR,1
OCR-D437919.json,12,Belarus,BLR,1
OCR-D437919.json,12,Estonia,EST,1
OCR-D437919.json,12,Georgia,GEO,1
OCR-D437919.json,12,Croatia,HRV,1
OCR-D437919.json,12,Hungary,HUN,1
OCR-D437919.json,12,Kazakhstan,KAZ,1
OCR-D437919.json,12,Kyrgyzstan,KGZ,1
OCR-D437919.json,12,Lithuania,LTU,1
OCR-D437919.json,12,Poland,POL,1
OCR-D437919.json,12,Romania,ROU,1
OCR-D437919.json,12,Slovakia,SVK,1
OCR-D437919.json,12,Slovenia,SVN,1
OCR-D437919.json,12,Ukraine,UKR,1
OCR-D437919.json,12,Uzbekistan,UZB,1
OCR-D437919.json,20,Armenia,ARM,1
OCR-D437919.json,20,Azerbaijan,AZE,1
OCR-D437919.json,20,Bulgaria,BGR,1
OCR-D437919.json,20,Belarus,BLR,1
OCR-D437919.json,20,Estonia,EST,1
OCR-D437919.json,20,Georgia,GEO,1
OCR-D437919.json,20,Croatia,HRV,1
OCR-D437919.json,20,Hungary,HUN,1
OCR-D437919.json,20,Kazakhstan,KAZ,1
OCR-D437919.json,20,Kyrgyzstan,KGZ,1
OCR-D437919.json,20,Lithuania,LTU,1
OCR-D437919.json,20,Poland,POL,1
OCR-D437919.json,20,Romania,ROU,1
OCR-D437919.json,20,Slovakia,SVK,1
OCR-D437919.json,20,Slovenia,SVN,1
OCR-D437919.json,20,Ukraine,UKR,1
OCR-D437919.json,20,Uzbekistan,UZB,1
OCR-D437919.json,34,Armenia,ARM,1
OCR-D437919.json,34,Azerbaijan,AZE,1
OCR-D437919.json,34,Bulgaria,BGR,1
OCR-D437919.json,34,Belarus,BLR,1
OCR-D437919.json,34,Estonia,EST,1
OCR-D437919.json,34,Georgia,GEO,1
OCR-D437919.json,34,Croatia,HRV,1
OCR-D437919.json,34,Hungary,HUN,1
OCR-D437919.json,34,Kazakhstan,KAZ,1
OCR-D437919.json,34,Kyrgyzstan,KGZ,1
OCR-D437919.json,34,Lithuania,LTU,1
OCR-D437919.json,34,Poland,POL,1
OCR-D437919.json,34,Romania,ROU,1
OCR-D437919.json,34,Slovakia,SVK,1
OCR-D437919.json,34,Slovenia,SVN,1
OCR-D437919.json,34,Ukraine,UKR,1
OCR-D437919.json,34,Uzbekistan,UZB,1
OCR-D437919.json,39,Armenia,ARM,1
OCR-D437919.json,39,Azerbaijan,AZE,1
OCR-D437919.json,39,Bulgaria,BGR,1
OCR-D437919.json,39,Belarus,BLR,1
OCR-D437919.json,39,Estonia,EST,1
OCR-D437919.json,39,Georgia,GEO,1
OCR-D437919.json,39,Croatia,HRV,1
OCR-D437919.json,39,Hungary,HUN,1
OCR-D437919.json,39,Kazakhstan,KAZ,1
OCR-D437919.json,39,Kyrgyzstan,KGZ,1
OCR-D437919.json,39,Lithuania,LTU,1
OCR-D437919.json,39,Poland,POL,1
OCR-D437919.json,39,Romania,ROU,1
OCR-D437919.json,39,Slovakia,SVK,1
OCR-D437919.json,39,Slovenia,SVN,1
OCR-D437919.json,39,Ukraine,UKR,1
OCR-D437919.json,39,Uzbekistan,UZB,1
OCR-D437919.json,47,France,FRA,1
OCR-D437919.json,48,Argentina,ARG,1
OCR-D437919.json,48,Chile,CHL,1
OCR-D437919.json,48,Romania,ROU,1
OCR-D437919.json,49,Zambia,ZMB,1
OCR-D31178056.json,1,Burkina Faso,BFA,1
OCR-D31178056.json,1,Rwanda,RWA,1
OCR-D31178056.json,1,Senegal,SEN,1
OCR-D31178056.json,5,Burkina Faso,BFA,1
OCR-D31178056.json,5,Rwanda,RWA,1
OCR-D31178056.json,5,Senegal,SEN,1
OCR-D31178056.json,6,Kenya,KEN,1
OCR-D31178056.json,15,Burkina Faso,BFA,1
OCR-D31178056.json,15,Netherlands,NLD,1
OCR-D31178056.json,15,Rwanda,RWA,1
OCR-D31178056.json,15,Senegal,SEN,1
OCR-D31178056.json,16,Burkina Faso,BFA,1
OCR-D31178056.json,16,Rwanda,RWA,1
OCR-D31178056.json,16,Senegal,SEN,1
OCR-D31178056.json,17,Burkina Faso,BFA,1
OCR-D31178056.json,17,Rwanda,RWA,1
OCR-D31178056.json,17,Senegal,SEN,1
OCR-D31178056.json,18,Burkina Faso,BFA,1
OCR-D31178056.json,18,Rwanda,RWA,1
OCR-D31178056.json,18,Senegal,SEN,1
OCR-D31178056.json,19,Burkina Faso,BFA,1
OCR-D31178056.json,19,Rwanda,RWA,1
OCR-D31178056.json,19,Senegal,SEN,1
OCR-D31178056.json,20,Burkina Faso,BFA,1
OCR-D31178056.json,20,Rwanda,RWA,1
OCR-D31178056.json,20,Senegal,SEN,1
OCR-D31178056.json,21,Rwanda,RWA,1
OCR-D31178056.json,21,Senegal,SEN,1
OCR-D31178056.json,22,Burkina Faso,BFA,1
OCR-D31178056.json,22,Rwanda,RWA,1
OCR-D31178056.json,22,Senegal,SEN,1
OCR-D31178056.json,23,Burkina Faso,BFA,1
OCR-D31178056.json,23,Rwanda,RWA,1
OCR-D31178056.json,23,Senegal,SEN,1
OCR-D31178056.json,24,Rwanda,RWA,1
OCR-D31178056.json,24,Senegal,SEN,1
OCR-D31178056.json,26,Burkina Faso,BFA,1
OCR-D31178056.json,26,Rwanda,RWA,1
OCR-D31178056.json,26,Senegal,SEN,1
OCR-D31178056.json,28,Brazil,BRA,1
OCR-D31178056.json,28,Netherlands,NLD,1
OCR-D31178056.json,29,Rwanda,RWA,1
OCR-D31178056.json,30,India,IND,1
OCR-D31178056.json,30,Kenya,KEN,1
OCR-D31178056.json,30,Netherlands,NLD,1
OCR-D31178056.json,30,Rwanda,RWA,1
OCR-D31178056.json,37,Rwanda,RWA,1
OCR-D31178056.json,37,Senegal,SEN,1
OCR-D17386101.json,1,China,CHN,1
OCR-D17386101.json,2,China,CHN,1
OCR-D17386101.json,3,China,CHN,1
OCR-D17386101.json,4,China,CHN,1
OCR-D17386101.json,5,China,CHN,1
OCR-D17386101.json,7,China,CHN,1
OCR-D17386101.json,8,China,CHN,1
OCR-D17386101.json,8,Japan,JPN,1
OCR-D17386101.json,9,China,CHN,1
OCR-D17386101.json,10,China,CHN,1
OCR-D17386101.json,11,China,CHN,1
OCR-D17386101.json,12,China,CHN,1
OCR-D17386101.json,13,China,CHN,1
OCR-D17386101.json,17,China,CHN,1
OCR-D17386101.json,19,China,CHN,1
OCR-D17386101.json,20,China,CHN,1
OCR-D17386101.json,20,Hong Kong,HKG,1
OCR-D17386101.json,20,Macao,MAC,1
OCR-D17386101.json,22,China,CHN,1
OCR-D17386101.json,23,China,CHN,1
OCR-D17386101.json,29,China,CHN,1
OCR-D17386101.json,31,China,CHN,1
OCR-D17386101.json,32,China,CHN,1
OCR-D17386101.json,33,China,CHN,1
OCR-D17386101.json,37,China,CHN,1
OCR-D17386101.json,38,China,CHN,1
OCR-D17386101.json,39,Belgium,BEL,1
OCR-D17386101.json,39,China,CHN,1
OCR-D17386101.json,39,Germany,DEU,1
OCR-D17386101.json,39,France,FRA,1
OCR-D17386101.json,39,United Kingdom,GBR,1
OCR-D17386101.json,40,China,CHN,1
OCR-D17386101.json,41,China,CHN,1
OCR-D17386101.json,41,Malaysia,MYS,1
OCR-D17386101.json,42,China,CHN,1
OCR-D17386101.json,42,Indonesia,IDN,1
OCR-D17386101.json,56,China,CHN,1
OCR-D14985485.json,5,China,CHN,1
OCR-D14985485.json,10,China,CHN,1
OCR-D14985485.json,10,India,IND,1
OCR-D14985485.json,11,Canada,CAN,1
OCR-D14985485.json,11,China,CHN,1
OCR-D14985485.json,11,Germany,DEU,1
OCR-D14985485.json,11,United Kingdom,GBR,1
OCR-D14985485.json,11,India,IND,1
OCR-D14985485.json,12,China,CHN,1
OCR-D14985485.json,12,India,IND,1
OCR-D14985485.json,13,Brazil,BRA,1
OCR-D14985485.json,13,Botswana,BWA,1
OCR-D14985485.json,13,China,CHN,1
OCR-D14985485.json,13,Indonesia,IDN,1
OCR-D14985485.json,13,Japan,JPN,1
OCR-D14985485.json,13,Malta,MLT,1
OCR-D14985485.json,13,Malaysia,MYS,1
OCR-D14985485.json,13,Oman,OMN,1
OCR-D14985485.json,13,Singapore,SGP,1
OCR-D14985485.json,13,Thailand,THA,1
OCR-D14985485.json,15,China,CHN,1
OCR-D14985485.json,16,China,CHN,1
OCR-D14985485.json,16,India,IND,1
OCR-D14985485.json,18,India,IND,1
OCR-D14985485.json,20,Bangladesh,BGD,1
OCR-D14985485.json,21,Mexico,MEX,1
OCR-D14985485.json,21,United States,USA,1
OCR-D14985485.json,22,Mexico,MEX,1
OCR-D14985485.json,23,China,CHN,1
OCR-D14985485.json,24,China,CHN,1
OCR-D14985485.json,26,China,CHN,1
OCR-D14985485.json,26,Mexico,MEX,1
OCR-D14985485.json,27,France,FRA,1
OCR-D697278.json,0,Uruguay,URY,1
OCR-D697278.json,1,China,CHN,1
OCR-D697278.json,1,Japan,JPN,1
OCR-D697278.json,1,United States,USA,1
OCR-D697278.json,2,Uruguay,URY,1
OCR-D697278.json,4,China,CHN,1
OCR-D697278.json,4,Japan,JPN,1
OCR-D697278.json,4,United States,USA,1
OCR-D697278.json,8,Uruguay,URY,1
OCR-D697278.json,9,Chile,CHL,1
OCR-D697278.json,9,China,CHN,1
OCR-D697278.json,9,Malaysia,MYS,1
OCR-D697278.json,9,Singapore,SGP,1
OCR-D697278.json,10,China,CHN,1
OCR-D697278.json,10,Japan,JPN,1
OCR-D697278.json,11,Australia,AUS,1
OCR-D697278.json,11,Canada,CAN,1
OCR-D697278.json,11,Chile,CHL,1
OCR-D697278.json,11,China,CHN,1
OCR-D697278.json,11,Guinea,GIN,1
OCR-D697278.json,11,Hong Kong,HKG,1
OCR-D697278.json,11,Indonesia,IDN,1
OCR-D697278.json,11,Japan,JPN,1
OCR-D697278.json,11,Mexico,MEX,1
OCR-D697278.json,11,Malaysia,MYS,1
OCR-D697278.json,11,New Zealand,NZL,1
OCR-D697278.json,11,Philippines,PHL,1
OCR-D697278.json,11,Papua New Guinea,PNG,1
OCR-D697278.json,11,Singapore,SGP,1
OCR-D697278.json,11,Thailand,THA,1
OCR-D697278.json,11,United States,USA,1
OCR-D697278.json,12,China,CHN,1
OCR-D697278.json,13,China,CHN,1
OCR-D697278.json,13,Japan,JPN,1
OCR-D697278.json,13,United States,USA,1
OCR-D697278.json,14,China,CHN,1
OCR-D697278.json,14,Japan,JPN,1
OCR-D697278.json,15,China,CHN,1
OCR-D697278.json,15,Japan,JPN,1
OCR-D697278.json,15,United States,USA,1
OCR-D697278.json,16,China,CHN,1
OCR-D697278.json,16,Hong Kong,HKG,1
OCR-D697278.json,16,Japan,JPN,1
OCR-D697278.json,16,United States,USA,1
OCR-D697278.json,17,Japan,JPN,1
OCR-D697278.json,17,United States,USA,1
OCR-D697278.json,19,China,CHN,1
OCR-D697278.json,19,Japan,JPN,1
OCR-D697278.json,19,United States,USA,1
OCR-D697278.json,20,China,CHN,1
OCR-D697278.json,20,Japan,JPN,1
OCR-D697278.json,20,United States,USA,1
OCR-D697278.json,21,China,CHN,1
OCR-D697278.json,21,Japan,JPN,1
OCR-D697278.json,21,United States,USA,1
OCR-D697278.json,22,China,CHN,1
OCR-D697278.json,22,Japan,JPN,1
OCR-D697278.json,22,United States,USA,1
OCR-D697278.json,23,China,CHN,1
OCR-D697278.json,23,Japan,JPN,1
OCR-D697278.json,23,United States,USA,1
OCR-D697278.json,24,China,CHN,1
OCR-D697278.json,24,Japan,JPN,1
OCR-D697278.json,24,United States,USA,1
OCR-D697278.json,25,China,CHN,1
OCR-D697278.json,25,Japan,JPN,1
OCR-D697278.json,25,United States,USA,1
OCR-D697278.json,26,China,CHN,1
OCR-D697278.json,26,Japan,JPN,1
OCR-D697278.json,26,United States,USA,1
OCR-D697278.json,27,Canada,CAN,1
OCR-D697278.json,27,Japan,JPN,1
OCR-D697278.json,27,Uruguay,URY,1
OCR-D697278.json,27,United States,USA,1
OCR-D697278.json,28,Canada,CAN,1
OCR-D697278.json,28,China,CHN,1
OCR-D697278.json,28,Japan,JPN,1
OCR-D697278.json,28,United States,USA,1
OCR-D697278.json,29,China,CHN,1
OCR-D697278.json,29,Japan,JPN,1
OCR-D697278.json,29,Uruguay,URY,1
OCR-D697278.json,29,United States,USA,1
OCR-D697278.json,33,China,CHN,1
OCR-D697278.json,33,Hong Kong,HKG,1
OCR-D697278.json,33,Uruguay,URY,1
OCR-D697278.json,35,Japan,JPN,1
OCR-D697278.json,39,Japan,JPN,1
OCR-D697278.json,40,Canada,CAN,1
OCR-D697278.json,41,China,CHN,1
OCR-D697278.json,42,China,CHN,1
OCR-D697278.json,42,Japan,JPN,1
OCR-D697278.json,43,China,CHN,1
OCR-D697278.json,43,Japan,JPN,1
OCR-D697278.json,43,United States,USA,1
OCR-D697278.json,44,China,CHN,1
OCR-D697278.json,44,Japan,JPN,1
OCR-D697278.json,44,United States,USA,1
OCR-D697278.json,45,China,CHN,1
OCR-D697278.json,45,Japan,JPN,1
OCR-D697278.json,46,China,CHN,1
OCR-D697278.json,46,Japan,JPN,1
OCR-D697278.json,46,United States,USA,1
OCR-D697278.json,47,China,CHN,1
OCR-D697278.json,47,Japan,JPN,1
OCR-D697278.json,48,China,CHN,1
OCR-D697278.json,48,Japan,JPN,1
OCR-D697278.json,48,United States,USA,1
OCR-D697278.json,49,China,CHN,1
OCR-D697278.json,49,Japan,JPN,1
OCR-D697278.json,49,United States,USA,1
OCR-D697278.json,50,China,CHN,1
OCR-D697278.json,50,Japan,JPN,1
OCR-D697278.json,50,United States,USA,1
OCR-D697278.json,51,China,CHN,1
OCR-D697278.json,51,Japan,JPN,1
OCR-D697278.json,52,China,CHN,1
OCR-D697278.json,52,Japan,JPN,1
OCR-D697278.json,52,United States,USA,1
OCR-D697278.json,53,China,CHN,1
OCR-D697278.json,53,Japan,JPN,1
OCR-D697278.json,54,China,CHN,1
OCR-D697278.json,54,Japan,JPN,1
OCR-D697278.json,54,United States,USA,1
OCR-D697278.json,55,China,CHN,1
OCR-D697278.json,55,Japan,JPN,1
OCR-D697278.json,55,United States,USA,1
OCR-D697278.json,56,China,CHN,1
OCR-D697278.json,56,Japan,JPN,1
OCR-D697278.json,57,China,CHN,1
OCR-D697278.json,57,Japan,JPN,1
OCR-D697278.json,57,United States,USA,1
OCR-D697278.json,58,China,CHN,1
OCR-D697278.json,60,Canada,CAN,1
OCR-D697278.json,61,Canada,CAN,1
OCR-D697278.json,61,Japan,JPN,1
OCR-D697278.json,61,United States,USA,1
OCR-D697278.json,62,Canada,CAN,1
OCR-D697278.json,62,China,CHN,1
OCR-D697278.json,62,Hong Kong,HKG,1
OCR-D697278.json,62,Japan,JPN,1
OCR-D697278.json,65,China,CHN,1
OCR-D697278.json,65,Japan,JPN,1
OCR-D697278.json,65,United States,USA,1
OCR-D697278.json,69,Japan,JPN,1
OCR-D697278.json,74,Bulgaria,BGR,1
OCR-D697278.json,74,Chile,CHL,1
OCR-D697278.json,74,Tunisia,TUN,1
OCR-D697278.json,74,Uruguay,URY,1
OCR-D697278.json,75,Uruguay,URY,1
OCR-D10354641.json,1,United States,USA,1
OCR-D10354641.json,3,United Kingdom,GBR,1
OCR-D10354641.json,3,Mexico,MEX,1
OCR-D10354641.json,3,United States,USA,1
OCR-D10354641.json,5,United Kingdom,GBR,1
OCR-D10354641.json,5,United States,USA,1
OCR-D10354641.json,6,Australia,AUS,1
OCR-D10354641.json,6,Canada,CAN,1
OCR-D10354641.json,6,China,CHN,1
OCR-D10354641.json,6,Japan,JPN,1
OCR-D10354641.json,6,United States,USA,1
OCR-D10354641.json,7,United States,USA,1
OCR-D10354641.json,8,United States,USA,1
OCR-D10354641.json,9,Australia,AUS,1
OCR-D10354641.json,9,Canada,CAN,1
OCR-D10354641.json,9,China,CHN,1
OCR-D10354641.json,9,Japan,JPN,1
OCR-D10354641.json,9,United States,USA,1
OCR-D10354641.json,10,Australia,AUS,1
OCR-D10354641.json,10,Canada,CAN,1
OCR-D10354641.json,10,Japan,JPN,1
OCR-D10354641.json,11,United States,USA,1
OCR-D10354641.json,13,United States,USA,1
OCR-D10354641.json,14,United States,USA,1
OCR-D10354641.json,16,United States,USA,1
OCR-D10354641.json,17,United States,USA,1
OCR-D10354641.json,20,Canada,CAN,1
OCR-D10354641.json,20,United States,USA,1
OCR-D10354641.json,24,Argentina,ARG,1
OCR-D10354641.json,24,Brazil,BRA,1
OCR-D10354641.json,24,Chile,CHL,1
OCR-D10354641.json,24,Colombia,COL,1
OCR-D10354641.json,24,Ecuador,ECU,1
OCR-D10354641.json,24,Mexico,MEX,1
OCR-D10354641.json,24,Paraguay,PRY,1
OCR-D10354641.json,24,Uruguay,URY,1
OCR-D10354641.json,25,Argentina,ARG,1
OCR-D10354641.json,25,Brazil,BRA,1
OCR-D10354641.json,25,Chile,CHL,1
OCR-D10354641.json,25,Colombia,COL,1
OCR-D10354641.json,25,Ecuador,ECU,1
OCR-D10354641.json,25,Mexico,MEX,1
OCR-D10354641.json,25,Paraguay,PRY,1
OCR-D10354641.json,26,Argentina,ARG,1
OCR-D10354641.json,26,Brazil,BRA,1
OCR-D10354641.json,26,Chile,CHL,1
OCR-D10354641.json,26,Costa Rica,CRI,1
OCR-D10354641.json,26,Hong Kong,HKG,1
OCR-D10354641.json,26,Mexico,MEX,1
OCR-D10354641.json,26,Singapore,SGP,1
OCR-D10354641.json,27,Bangladesh,BGD,1
OCR-D10354641.json,27,China,CHN,1
OCR-D10354641.json,27,Indonesia,IDN,1
OCR-D10354641.json,27,India,IND,1
OCR-D10354641.json,27,Sri Lanka,LKA,1
OCR-D10354641.json,27,Malaysia,MYS,1
OCR-D10354641.json,27,Nepal,NPL,1
OCR-D10354641.json,27,Philippines,PHL,1
OCR-D10354641.json,27,Saudi Arabia,SAU,1
OCR-D10354641.json,27,Singapore,SGP,1
OCR-D10354641.json,27,United States,USA,1
OCR-D10354641.json,28,Bangladesh,BGD,1
OCR-D10354641.json,28,China,CHN,1
OCR-D10354641.json,28,Hong Kong,HKG,1
OCR-D10354641.json,28,Indonesia,IDN,1
OCR-D10354641.json,28,India,IND,1
OCR-D10354641.json,28,Sri Lanka,LKA,1
OCR-D10354641.json,28,Malaysia,MYS,1
OCR-D10354641.json,28,Nepal,NPL,1
OCR-D10354641.json,28,Philippines,PHL,1
OCR-D10354641.json,28,Singapore,SGP,1
OCR-D10354641.json,28,Thailand,THA,1
OCR-D10354641.json,29,Japan,JPN,1
OCR-D10354641.json,29,United States,USA,1
OCR-D10354641.json,30,Bangladesh,BGD,1
OCR-D10354641.json,30,Spain,ESP,1
OCR-D10354641.json,30,Greece,GRC,1
OCR-D10354641.json,30,Guatemala,GTM,1
OCR-D10354641.json,30,Honduras,HND,1
OCR-D10354641.json,30,India,IND,1
OCR-D10354641.json,30,Italy,ITA,1
OCR-D10354641.json,30,Mexico,MEX,1
OCR-D10354641.json,30,Malaysia,MYS,1
OCR-D10354641.json,30,Nicaragua,NIC,1
OCR-D10354641.json,30,Pakistan,PAK,1
OCR-D10354641.json,30,El Salvador,SLV,1
OCR-D10354641.json,30,Thailand,THA,1
OCR-D10354641.json,30,United States,USA,1
OCR-D10354641.json,31,Argentina,ARG,1
OCR-D10354641.json,31,Bangladesh,BGD,1
OCR-D10354641.json,31,China,CHN,1
OCR-D10354641.json,31,Colombia,COL,1
OCR-D10354641.json,31,Guatemala,GTM,1
OCR-D10354641.json,31,Honduras,HND,1
OCR-D10354641.json,31,India,IND,1
OCR-D10354641.json,31,Kenya,KEN,1
OCR-D10354641.json,31,Mexico,MEX,1
OCR-D10354641.json,31,Malaysia,MYS,1
OCR-D10354641.json,31,Nicaragua,NIC,1
OCR-D10354641.json,31,Pakistan,PAK,1
OCR-D10354641.json,31,Panama,PAN,1
OCR-D10354641.json,31,Philippines,PHL,1
OCR-D10354641.json,31,Paraguay,PRY,1
OCR-D10354641.json,31,El Salvador,SLV,1
OCR-D10354641.json,31,Thailand,THA,1
OCR-D10354641.json,32,Australia,AUS,1
OCR-D10354641.json,32,Brazil,BRA,1
OCR-D10354641.json,32,Canada,CAN,1
OCR-D10354641.json,32,India,IND,1
OCR-D10354641.json,32,Japan,JPN,1
OCR-D10354641.json,32,Nepal,NPL,1
OCR-D10354641.json,32,Philippines,PHL,1
OCR-D10354641.json,32,United States,USA,1
OCR-D10354641.json,33,Australia,AUS,1
OCR-D10354641.json,33,Bangladesh,BGD,1
OCR-D10354641.json,33,China,CHN,1
OCR-D10354641.json,33,Indonesia,IDN,1
OCR-D10354641.json,33,India,IND,1
OCR-D10354641.json,33,Japan,JPN,1
OCR-D10354641.json,33,Cambodia,KHM,1
OCR-D10354641.json,33,Sri Lanka,LKA,1
OCR-D10354641.json,33,Malaysia,MYS,1
OCR-D10354641.json,33,Pakistan,PAK,1
OCR-D10354641.json,33,Philippines,PHL,1
OCR-D10354641.json,33,Singapore,SGP,1
OCR-D10354641.json,33,Thailand,THA,1
OCR-D10354641.json,34,Argentina,ARG,1
OCR-D10354641.json,34,Australia,AUS,1
OCR-D10354641.json,34,Brazil,BRA,1
OCR-D10354641.json,34,Canada,CAN,1
OCR-D10354641.json,34,China,CHN,1
OCR-D10354641.json,34,Colombia,COL,1
OCR-D10354641.json,34,Germany,DEU,1
OCR-D10354641.json,34,Dominican Republic,DOM,1
OCR-D10354641.json,34,United Kingdom,GBR,1
OCR-D10354641.json,34,India,IND,1
OCR-D10354641.json,34,Italy,ITA,1
OCR-D10354641.json,34,Mexico,MEX,1
OCR-D10354641.json,34,Malaysia,MYS,1
OCR-D10354641.json,34,Peru,PER,1
OCR-D10354641.json,34,Philippines,PHL,1
OCR-D10354641.json,34,Paraguay,PRY,1
OCR-D10354641.json,34,Thailand,THA,1
OCR-D10354641.json,34,Uruguay,URY,1
OCR-D10354641.json,34,United States,USA,1
OCR-D10354641.json,34,South Africa,ZAF,1
OCR-D10354641.json,35,Canada,CAN,1
OCR-D10354641.json,35,China,CHN,1
OCR-D10354641.json,35,Mexico,MEX,1
OCR-D10354641.json,35,Nepal,NPL,1
OCR-D10354641.json,35,Sweden,SWE,1
OCR-D10354641.json,35,United States,USA,1
OCR-D10354641.json,36,Australia,AUS,1
OCR-D10354641.json,36,China,CHN,1
OCR-D10354641.json,37,China,CHN,1
OCR-D10354641.json,37,Germany,DEU,1
OCR-D10354641.json,37,Spain,ESP,1
OCR-D10354641.json,37,Greece,GRC,1
OCR-D10354641.json,37,India,IND,1
OCR-D10354641.json,37,Italy,ITA,1
OCR-D10354641.json,37,Mexico,MEX,1
OCR-D10354641.json,37,Netherlands,NLD,1
OCR-D10354641.json,37,Nepal,NPL,1
OCR-D10354641.json,38,Argentina,ARG,1
OCR-D10354641.json,38,Brazil,BRA,1
OCR-D10354641.json,38,Chile,CHL,1
OCR-D10354641.json,38,Colombia,COL,1
OCR-D10354641.json,38,Ecuador,ECU,1
OCR-D10354641.json,38,Mexico,MEX,1
OCR-D10354641.json,38,Paraguay,PRY,1
OCR-D10354641.json,38,Uruguay,URY,1
OCR-D10354641.json,39,India,IND,1
OCR-D10354641.json,40,United States,USA,1
OCR-D10354641.json,42,United States,USA,1
OCR-D10354641.json,43,Mexico,MEX,1
OCR-D10354641.json,44,Germany,DEU,1
OCR-D10354641.json,45,Belgium,BEL,1
OCR-D10354641.json,45,United States,USA,1
OCR-D10354641.json,46,China,CHN,1
OCR-D10354641.json,46,Mexico,MEX,1
OCR-D10354641.json,47,Mexico,MEX,1
OCR-D10354641.json,47,Nepal,NPL,1
OCR-D10354641.json,48,United States,USA,1
OCR-D10354641.json,49,Chile,CHL,1
OCR-D10354641.json,49,China,CHN,1
OCR-D10354641.json,49,Hong Kong,HKG,1
OCR-D10354641.json,49,Japan,JPN,1
OCR-D10354641.json,49,United States,USA,1
OCR-D10354641.json,50,Switzerland,CHE,1
OCR-D10354641.json,50,India,IND,1
OCR-D10354641.json,50,Mexico,MEX,1
OCR-D10354641.json,50,Sweden,SWE,1
OCR-D10354641.json,51,Mexico,MEX,1
OCR-D10354641.json,51,Singapore,SGP,1
OCR-D10354641.json,52,Argentina,ARG,1
OCR-D10354641.json,52,Brazil,BRA,1
OCR-D10354641.json,52,Switzerland,CHE,1
OCR-D10354641.json,52,China,CHN,1
OCR-D10354641.json,52,United States,USA,1
OCR-D10354641.json,53,China,CHN,1
